{"$schema":"http://schema.management.azure.com/schemas/2015-01-01/deploymentTemplate.json#","contentVersion":"1.0.0.0","parameters":{},"variables":{},"resources":[{"name":"ETL pipeline","type":"pipelines","apiVersion":"2018-06-01","properties":{"activities":[{"name":"BronzeLayer","description":"Bronze Layer from Source to Landing","type":"TridentNotebook","dependsOn":[],"policy":{"timeout":"0.12:00:00","retry":0,"retryIntervalInSeconds":30,"secureOutput":false,"secureInput":false},"typeProperties":{"notebookId":"ffb5033c-75e3-4440-a401-f4859e201b36","workspaceId":"6d6085b1-e35a-4a9a-9972-babc8f772c53","parameters":{"source_file":{"value":"Files/Source Files/Synthetic_Bank_Transactions_India_2025.csv","type":"string"}}}},{"name":"SilverLayer","description":"Formation of data layers","type":"TridentNotebook","dependsOn":[{"activity":"BronzeLayer","dependencyConditions":["Succeeded"]}],"policy":{"timeout":"0.12:00:00","retry":0,"retryIntervalInSeconds":30,"secureOutput":false,"secureInput":false},"typeProperties":{"notebookId":"332daacf-5214-4a11-ba28-72ef4dcf2228","workspaceId":"6d6085b1-e35a-4a9a-9972-babc8f772c53"}}],"lastModifiedByObjectId":"2989ab1d-eb07-42a6-9993-acfb90cf61e2","lastPublishTime":"2026-01-15T14:17:27Z"},"dependsOn":[]}]}