{
  "name": "{{Dataset_Name}}",
  "compatibilityLevel": 1604,
  "model": {
    "name": "{{Dataset_Name}}",
    "culture": "en-US",
    "collation": "Latin1_General_100_BIN2_UTF8",
    "dataAccessOptions": {
      "legacyRedirects": true,
      "returnErrorValuesAsNull": true
    },
    "defaultPowerBIDataSourceVersion": "powerBI_V3",
    "sourceQueryCulture": "en-US",
    "tables": [
      {
        "name": "invalid_l1_customer_dim",
        "sourceLineageTag": "[dbo].[invalid_l1_customer_dim]",
        "columns": [
          {
            "name": "CUSTOMER_ID",
            "dataType": "string",
            "sourceColumn": "CUSTOMER_ID",
            "sourceProviderType": "varchar",
            "sourceLineageTag": "CUSTOMER_ID",
            "summarizeBy": "none",
            "annotations": [
              {
                "name": "SummarizationSetBy",
                "value": "Automatic"
              }
            ]
          },
          {
            "name": "CUSTOMER_NAME",
            "dataType": "string",
            "sourceColumn": "CUSTOMER_NAME",
            "sourceProviderType": "varchar",
            "sourceLineageTag": "CUSTOMER_NAME",
            "summarizeBy": "none",
            "annotations": [
              {
                "name": "SummarizationSetBy",
                "value": "Automatic"
              }
            ]
          },
          {
            "name": "GENDER",
            "dataType": "string",
            "sourceColumn": "GENDER",
            "sourceProviderType": "varchar",
            "sourceLineageTag": "GENDER",
            "summarizeBy": "none",
            "annotations": [
              {
                "name": "SummarizationSetBy",
                "value": "Automatic"
              }
            ]
          },
          {
            "name": "AGE",
            "dataType": "int64",
            "sourceColumn": "AGE",
            "formatString": "0",
            "sourceProviderType": "int",
            "sourceLineageTag": "AGE",
            "summarizeBy": "sum",
            "annotations": [
              {
                "name": "SummarizationSetBy",
                "value": "Automatic"
              }
            ]
          },
          {
            "name": "STATE",
            "dataType": "string",
            "sourceColumn": "STATE",
            "sourceProviderType": "varchar",
            "sourceLineageTag": "STATE",
            "summarizeBy": "none",
            "annotations": [
              {
                "name": "SummarizationSetBy",
                "value": "Automatic"
              }
            ]
          },
          {
            "name": "CITY",
            "dataType": "string",
            "sourceColumn": "CITY",
            "sourceProviderType": "varchar",
            "sourceLineageTag": "CITY",
            "summarizeBy": "none",
            "annotations": [
              {
                "name": "SummarizationSetBy",
                "value": "Automatic"
              }
            ]
          },
          {
            "name": "CUSTOMER_CONTACT",
            "dataType": "string",
            "sourceColumn": "CUSTOMER_CONTACT",
            "sourceProviderType": "varchar",
            "sourceLineageTag": "CUSTOMER_CONTACT",
            "summarizeBy": "none",
            "annotations": [
              {
                "name": "SummarizationSetBy",
                "value": "Automatic"
              }
            ]
          },
          {
            "name": "CUSTOMER_EMAIL",
            "dataType": "string",
            "sourceColumn": "CUSTOMER_EMAIL",
            "sourceProviderType": "varchar",
            "sourceLineageTag": "CUSTOMER_EMAIL",
            "summarizeBy": "none",
            "annotations": [
              {
                "name": "SummarizationSetBy",
                "value": "Automatic"
              }
            ]
          },
          {
            "name": "ETL_INSERT_DATE",
            "dataType": "dateTime",
            "sourceColumn": "ETL_INSERT_DATE",
            "formatString": "General Date",
            "sourceProviderType": "date",
            "sourceLineageTag": "ETL_INSERT_DATE",
            "summarizeBy": "none",
            "annotations": [
              {
                "name": "SummarizationSetBy",
                "value": "Automatic"
              }
            ]
          },
          {
            "name": "REJECT_REASON",
            "dataType": "string",
            "sourceColumn": "REJECT_REASON",
            "sourceProviderType": "varchar",
            "sourceLineageTag": "REJECT_REASON",
            "summarizeBy": "none",
            "annotations": [
              {
                "name": "SummarizationSetBy",
                "value": "Automatic"
              }
            ]
          }
        ],
        "partitions": [
          {
            "name": "{{Partition_Name}}",
            "mode": "directLake",
            "source": {
              "type": "entity",
              "entityName": "invalid_l1_customer_dim",
              "expressionSource": "DatabaseQuery",
              "schemaName": "dbo"
            }
          }
        ],
        "annotations": [
          {
            "name": "IsTableInBiModel",
            "value": "False"
          }
        ]
      },
      {
        "name": "l0_transactions",
        "sourceLineageTag": "[dbo].[l0_transactions]",
        "columns": [
          {
            "name": "CUSTOMER_ID",
            "dataType": "string",
            "sourceColumn": "CUSTOMER_ID",
            "sourceProviderType": "varchar",
            "sourceLineageTag": "CUSTOMER_ID",
            "summarizeBy": "none",
            "annotations": [
              {
                "name": "SummarizationSetBy",
                "value": "Automatic"
              }
            ]
          },
          {
            "name": "CUSTOMER_NAME",
            "dataType": "string",
            "sourceColumn": "CUSTOMER_NAME",
            "sourceProviderType": "varchar",
            "sourceLineageTag": "CUSTOMER_NAME",
            "summarizeBy": "none",
            "annotations": [
              {
                "name": "SummarizationSetBy",
                "value": "Automatic"
              }
            ]
          },
          {
            "name": "GENDER",
            "dataType": "string",
            "sourceColumn": "GENDER",
            "sourceProviderType": "varchar",
            "sourceLineageTag": "GENDER",
            "summarizeBy": "none",
            "annotations": [
              {
                "name": "SummarizationSetBy",
                "value": "Automatic"
              }
            ]
          },
          {
            "name": "AGE",
            "dataType": "string",
            "sourceColumn": "AGE",
            "sourceProviderType": "varchar",
            "sourceLineageTag": "AGE",
            "summarizeBy": "none",
            "annotations": [
              {
                "name": "SummarizationSetBy",
                "value": "Automatic"
              }
            ]
          },
          {
            "name": "STATE",
            "dataType": "string",
            "sourceColumn": "STATE",
            "sourceProviderType": "varchar",
            "sourceLineageTag": "STATE",
            "summarizeBy": "none",
            "annotations": [
              {
                "name": "SummarizationSetBy",
                "value": "Automatic"
              }
            ]
          },
          {
            "name": "CITY",
            "dataType": "string",
            "sourceColumn": "CITY",
            "sourceProviderType": "varchar",
            "sourceLineageTag": "CITY",
            "summarizeBy": "none",
            "annotations": [
              {
                "name": "SummarizationSetBy",
                "value": "Automatic"
              }
            ]
          },
          {
            "name": "BANK_BRANCH",
            "dataType": "string",
            "sourceColumn": "BANK_BRANCH",
            "sourceProviderType": "varchar",
            "sourceLineageTag": "BANK_BRANCH",
            "summarizeBy": "none",
            "annotations": [
              {
                "name": "SummarizationSetBy",
                "value": "Automatic"
              }
            ]
          },
          {
            "name": "ACCOUNT_TYPE",
            "dataType": "string",
            "sourceColumn": "ACCOUNT_TYPE",
            "sourceProviderType": "varchar",
            "sourceLineageTag": "ACCOUNT_TYPE",
            "summarizeBy": "none",
            "annotations": [
              {
                "name": "SummarizationSetBy",
                "value": "Automatic"
              }
            ]
          },
          {
            "name": "TRANSACTION_ID",
            "dataType": "string",
            "sourceColumn": "TRANSACTION_ID",
            "sourceProviderType": "varchar",
            "sourceLineageTag": "TRANSACTION_ID",
            "summarizeBy": "none",
            "annotations": [
              {
                "name": "SummarizationSetBy",
                "value": "Automatic"
              }
            ]
          },
          {
            "name": "TRANSACTION_DATE",
            "dataType": "string",
            "sourceColumn": "TRANSACTION_DATE",
            "sourceProviderType": "varchar",
            "sourceLineageTag": "TRANSACTION_DATE",
            "summarizeBy": "none",
            "annotations": [
              {
                "name": "SummarizationSetBy",
                "value": "Automatic"
              }
            ]
          },
          {
            "name": "TRANSACTION_TIME",
            "dataType": "string",
            "sourceColumn": "TRANSACTION_TIME",
            "sourceProviderType": "varchar",
            "sourceLineageTag": "TRANSACTION_TIME",
            "summarizeBy": "none",
            "annotations": [
              {
                "name": "SummarizationSetBy",
                "value": "Automatic"
              }
            ]
          },
          {
            "name": "TRANSACTION_AMOUNT",
            "dataType": "string",
            "sourceColumn": "TRANSACTION_AMOUNT",
            "sourceProviderType": "varchar",
            "sourceLineageTag": "TRANSACTION_AMOUNT",
            "summarizeBy": "none",
            "annotations": [
              {
                "name": "SummarizationSetBy",
                "value": "Automatic"
              }
            ]
          },
          {
            "name": "MERCHANT_ID",
            "dataType": "string",
            "sourceColumn": "MERCHANT_ID",
            "sourceProviderType": "varchar",
            "sourceLineageTag": "MERCHANT_ID",
            "summarizeBy": "none",
            "annotations": [
              {
                "name": "SummarizationSetBy",
                "value": "Automatic"
              }
            ]
          },
          {
            "name": "TRANSACTION_TYPE",
            "dataType": "string",
            "sourceColumn": "TRANSACTION_TYPE",
            "sourceProviderType": "varchar",
            "sourceLineageTag": "TRANSACTION_TYPE",
            "summarizeBy": "none",
            "annotations": [
              {
                "name": "SummarizationSetBy",
                "value": "Automatic"
              }
            ]
          },
          {
            "name": "MERCHANT_CATEGORY",
            "dataType": "string",
            "sourceColumn": "MERCHANT_CATEGORY",
            "sourceProviderType": "varchar",
            "sourceLineageTag": "MERCHANT_CATEGORY",
            "summarizeBy": "none",
            "annotations": [
              {
                "name": "SummarizationSetBy",
                "value": "Automatic"
              }
            ]
          },
          {
            "name": "ACCOUNT_BALANCE",
            "dataType": "string",
            "sourceColumn": "ACCOUNT_BALANCE",
            "sourceProviderType": "varchar",
            "sourceLineageTag": "ACCOUNT_BALANCE",
            "summarizeBy": "none",
            "annotations": [
              {
                "name": "SummarizationSetBy",
                "value": "Automatic"
              }
            ]
          },
          {
            "name": "TRANSACTION_DEVICE",
            "dataType": "string",
            "sourceColumn": "TRANSACTION_DEVICE",
            "sourceProviderType": "varchar",
            "sourceLineageTag": "TRANSACTION_DEVICE",
            "summarizeBy": "none",
            "annotations": [
              {
                "name": "SummarizationSetBy",
                "value": "Automatic"
              }
            ]
          },
          {
            "name": "TRANSACTION_LOCATION",
            "dataType": "string",
            "sourceColumn": "TRANSACTION_LOCATION",
            "sourceProviderType": "varchar",
            "sourceLineageTag": "TRANSACTION_LOCATION",
            "summarizeBy": "none",
            "annotations": [
              {
                "name": "SummarizationSetBy",
                "value": "Automatic"
              }
            ]
          },
          {
            "name": "DEVICE_TYPE",
            "dataType": "string",
            "sourceColumn": "DEVICE_TYPE",
            "sourceProviderType": "varchar",
            "sourceLineageTag": "DEVICE_TYPE",
            "summarizeBy": "none",
            "annotations": [
              {
                "name": "SummarizationSetBy",
                "value": "Automatic"
              }
            ]
          },
          {
            "name": "IS_FRAUD",
            "dataType": "string",
            "sourceColumn": "IS_FRAUD",
            "sourceProviderType": "varchar",
            "sourceLineageTag": "IS_FRAUD",
            "summarizeBy": "none",
            "annotations": [
              {
                "name": "SummarizationSetBy",
                "value": "Automatic"
              }
            ]
          },
          {
            "name": "TRANSACTION_CURRENCY",
            "dataType": "string",
            "sourceColumn": "TRANSACTION_CURRENCY",
            "sourceProviderType": "varchar",
            "sourceLineageTag": "TRANSACTION_CURRENCY",
            "summarizeBy": "none",
            "annotations": [
              {
                "name": "SummarizationSetBy",
                "value": "Automatic"
              }
            ]
          },
          {
            "name": "CUSTOMER_CONTACT",
            "dataType": "string",
            "sourceColumn": "CUSTOMER_CONTACT",
            "sourceProviderType": "varchar",
            "sourceLineageTag": "CUSTOMER_CONTACT",
            "summarizeBy": "none",
            "annotations": [
              {
                "name": "SummarizationSetBy",
                "value": "Automatic"
              }
            ]
          },
          {
            "name": "TRANSACTION_DESCRIPTION",
            "dataType": "string",
            "sourceColumn": "TRANSACTION_DESCRIPTION",
            "sourceProviderType": "varchar",
            "sourceLineageTag": "TRANSACTION_DESCRIPTION",
            "summarizeBy": "none",
            "annotations": [
              {
                "name": "SummarizationSetBy",
                "value": "Automatic"
              }
            ]
          },
          {
            "name": "CUSTOMER_EMAIL",
            "dataType": "string",
            "sourceColumn": "CUSTOMER_EMAIL",
            "sourceProviderType": "varchar",
            "sourceLineageTag": "CUSTOMER_EMAIL",
            "summarizeBy": "none",
            "annotations": [
              {
                "name": "SummarizationSetBy",
                "value": "Automatic"
              }
            ]
          },
          {
            "name": "ETL_INSERT_DATE",
            "dataType": "dateTime",
            "sourceColumn": "ETL_INSERT_DATE",
            "formatString": "General Date",
            "sourceProviderType": "date",
            "sourceLineageTag": "ETL_INSERT_DATE",
            "summarizeBy": "none",
            "annotations": [
              {
                "name": "SummarizationSetBy",
                "value": "Automatic"
              }
            ]
          }
        ],
        "partitions": [
          {
            "name": "{{Partition_Name}}",
            "mode": "directLake",
            "source": {
              "type": "entity",
              "entityName": "l0_transactions",
              "expressionSource": "DatabaseQuery",
              "schemaName": "dbo"
            }
          }
        ],
        "annotations": [
          {
            "name": "IsTableInBiModel",
            "value": "False"
          }
        ]
      },
      {
        "name": "l1_customer_dim",
        "sourceLineageTag": "[dbo].[l1_customer_dim]",
        "columns": [
          {
            "name": "CUSTOMER_ID",
            "dataType": "string",
            "sourceColumn": "CUSTOMER_ID",
            "sourceProviderType": "varchar",
            "sourceLineageTag": "CUSTOMER_ID",
            "summarizeBy": "none",
            "annotations": [
              {
                "name": "SummarizationSetBy",
                "value": "Automatic"
              }
            ]
          },
          {
            "name": "FIRST_NAME",
            "dataType": "string",
            "sourceColumn": "FIRST_NAME",
            "sourceProviderType": "varchar",
            "sourceLineageTag": "FIRST_NAME",
            "summarizeBy": "none",
            "annotations": [
              {
                "name": "SummarizationSetBy",
                "value": "Automatic"
              }
            ]
          },
          {
            "name": "LAST_NAME",
            "dataType": "string",
            "sourceColumn": "LAST_NAME",
            "sourceProviderType": "varchar",
            "sourceLineageTag": "LAST_NAME",
            "summarizeBy": "none",
            "annotations": [
              {
                "name": "SummarizationSetBy",
                "value": "Automatic"
              }
            ]
          },
          {
            "name": "GENDER",
            "dataType": "string",
            "sourceColumn": "GENDER",
            "sourceProviderType": "varchar",
            "sourceLineageTag": "GENDER",
            "summarizeBy": "none",
            "annotations": [
              {
                "name": "SummarizationSetBy",
                "value": "Automatic"
              }
            ]
          },
          {
            "name": "AGE",
            "dataType": "int64",
            "sourceColumn": "AGE",
            "formatString": "0",
            "sourceProviderType": "int",
            "sourceLineageTag": "AGE",
            "summarizeBy": "sum",
            "annotations": [
              {
                "name": "SummarizationSetBy",
                "value": "Automatic"
              }
            ]
          },
          {
            "name": "AGE_BUCKET",
            "dataType": "string",
            "sourceColumn": "AGE_BUCKET",
            "sourceProviderType": "varchar",
            "sourceLineageTag": "AGE_BUCKET",
            "summarizeBy": "none",
            "annotations": [
              {
                "name": "SummarizationSetBy",
                "value": "Automatic"
              }
            ]
          },
          {
            "name": "CITY",
            "dataType": "string",
            "sourceColumn": "CITY",
            "sourceProviderType": "varchar",
            "sourceLineageTag": "CITY",
            "summarizeBy": "none",
            "annotations": [
              {
                "name": "SummarizationSetBy",
                "value": "Automatic"
              }
            ]
          },
          {
            "name": "STATE",
            "dataType": "string",
            "sourceColumn": "STATE",
            "sourceProviderType": "varchar",
            "sourceLineageTag": "STATE",
            "summarizeBy": "none",
            "annotations": [
              {
                "name": "SummarizationSetBy",
                "value": "Automatic"
              }
            ]
          },
          {
            "name": "CUSTOMER_EMAIL",
            "dataType": "string",
            "sourceColumn": "CUSTOMER_EMAIL",
            "sourceProviderType": "varchar",
            "sourceLineageTag": "CUSTOMER_EMAIL",
            "summarizeBy": "none",
            "annotations": [
              {
                "name": "SummarizationSetBy",
                "value": "Automatic"
              }
            ]
          },
          {
            "name": "CUSTOMER_CONTACT",
            "dataType": "string",
            "sourceColumn": "CUSTOMER_CONTACT",
            "sourceProviderType": "varchar",
            "sourceLineageTag": "CUSTOMER_CONTACT",
            "summarizeBy": "none",
            "annotations": [
              {
                "name": "SummarizationSetBy",
                "value": "Automatic"
              }
            ]
          },
          {
            "name": "CUSTOMER_COUNTRYCODE",
            "dataType": "string",
            "sourceColumn": "CUSTOMER_COUNTRYCODE",
            "sourceProviderType": "varchar",
            "sourceLineageTag": "CUSTOMER_COUNTRYCODE",
            "summarizeBy": "none",
            "annotations": [
              {
                "name": "SummarizationSetBy",
                "value": "Automatic"
              }
            ]
          },
          {
            "name": "ETL_INSERT_DATE",
            "dataType": "dateTime",
            "sourceColumn": "ETL_INSERT_DATE",
            "formatString": "General Date",
            "sourceProviderType": "date",
            "sourceLineageTag": "ETL_INSERT_DATE",
            "summarizeBy": "none",
            "annotations": [
              {
                "name": "SummarizationSetBy",
                "value": "Automatic"
              }
            ]
          },
          {
            "name": "VALID_FROM",
            "dataType": "dateTime",
            "sourceColumn": "VALID_FROM",
            "formatString": "General Date",
            "sourceProviderType": "date",
            "sourceLineageTag": "VALID_FROM",
            "summarizeBy": "none",
            "annotations": [
              {
                "name": "SummarizationSetBy",
                "value": "Automatic"
              }
            ]
          },
          {
            "name": "VALID_TO",
            "dataType": "dateTime",
            "sourceColumn": "VALID_TO",
            "formatString": "General Date",
            "sourceProviderType": "date",
            "sourceLineageTag": "VALID_TO",
            "summarizeBy": "none",
            "annotations": [
              {
                "name": "SummarizationSetBy",
                "value": "Automatic"
              }
            ]
          },
          {
            "name": "IS_CURRENT",
            "dataType": "int64",
            "sourceColumn": "IS_CURRENT",
            "formatString": "0",
            "sourceProviderType": "int",
            "sourceLineageTag": "IS_CURRENT",
            "summarizeBy": "sum",
            "annotations": [
              {
                "name": "SummarizationSetBy",
                "value": "Automatic"
              }
            ]
          }
        ],
        "partitions": [
          {
            "name": "{{Partition_Name}}",
            "mode": "directLake",
            "source": {
              "type": "entity",
              "entityName": "l1_customer_dim",
              "expressionSource": "DatabaseQuery",
              "schemaName": "dbo"
            }
          }
        ],
        "annotations": [
          {
            "name": "IsTableInBiModel",
            "value": "False"
          }
        ]
      },
      {
        "name": "l1_merchant_dim",
        "sourceLineageTag": "[dbo].[l1_merchant_dim]",
        "columns": [
          {
            "name": "MERCHANT_ID",
            "dataType": "string",
            "sourceColumn": "MERCHANT_ID",
            "sourceProviderType": "varchar",
            "sourceLineageTag": "MERCHANT_ID",
            "summarizeBy": "none",
            "annotations": [
              {
                "name": "SummarizationSetBy",
                "value": "Automatic"
              }
            ]
          },
          {
            "name": "MERCHANT_CATEGORY",
            "dataType": "string",
            "sourceColumn": "MERCHANT_CATEGORY",
            "sourceProviderType": "varchar",
            "sourceLineageTag": "MERCHANT_CATEGORY",
            "summarizeBy": "none",
            "annotations": [
              {
                "name": "SummarizationSetBy",
                "value": "Automatic"
              }
            ]
          },
          {
            "name": "ETL_INSERT_DATE",
            "dataType": "dateTime",
            "sourceColumn": "ETL_INSERT_DATE",
            "formatString": "General Date",
            "sourceProviderType": "date",
            "sourceLineageTag": "ETL_INSERT_DATE",
            "summarizeBy": "none",
            "annotations": [
              {
                "name": "SummarizationSetBy",
                "value": "Automatic"
              }
            ]
          },
          {
            "name": "VALID_FROM",
            "dataType": "dateTime",
            "sourceColumn": "VALID_FROM",
            "formatString": "General Date",
            "sourceProviderType": "date",
            "sourceLineageTag": "VALID_FROM",
            "summarizeBy": "none",
            "annotations": [
              {
                "name": "SummarizationSetBy",
                "value": "Automatic"
              }
            ]
          },
          {
            "name": "VALID_TO",
            "dataType": "dateTime",
            "sourceColumn": "VALID_TO",
            "formatString": "General Date",
            "sourceProviderType": "date",
            "sourceLineageTag": "VALID_TO",
            "summarizeBy": "none",
            "annotations": [
              {
                "name": "SummarizationSetBy",
                "value": "Automatic"
              }
            ]
          },
          {
            "name": "IS_CURRENT",
            "dataType": "int64",
            "sourceColumn": "IS_CURRENT",
            "formatString": "0",
            "sourceProviderType": "int",
            "sourceLineageTag": "IS_CURRENT",
            "summarizeBy": "sum",
            "annotations": [
              {
                "name": "SummarizationSetBy",
                "value": "Automatic"
              }
            ]
          }
        ],
        "partitions": [
          {
            "name": "{{Partition_Name}}",
            "mode": "directLake",
            "source": {
              "type": "entity",
              "entityName": "l1_merchant_dim",
              "expressionSource": "DatabaseQuery",
              "schemaName": "dbo"
            }
          }
        ],
        "annotations": [
          {
            "name": "IsTableInBiModel",
            "value": "False"
          }
        ]
      },
      {
        "name": "l1_transaction_fact",
        "sourceLineageTag": "[dbo].[l1_transaction_fact]",
        "columns": [
          {
            "name": "TRANSACTION_ID",
            "dataType": "string",
            "sourceColumn": "TRANSACTION_ID",
            "sourceProviderType": "varchar",
            "sourceLineageTag": "TRANSACTION_ID",
            "summarizeBy": "none",
            "annotations": [
              {
                "name": "SummarizationSetBy",
                "value": "Automatic"
              }
            ]
          },
          {
            "name": "CUSTOMER_ID",
            "dataType": "string",
            "sourceColumn": "CUSTOMER_ID",
            "sourceProviderType": "varchar",
            "sourceLineageTag": "CUSTOMER_ID",
            "summarizeBy": "none",
            "annotations": [
              {
                "name": "SummarizationSetBy",
                "value": "Automatic"
              }
            ]
          },
          {
            "name": "TRANSACTION_TIMESTAMP",
            "dataType": "dateTime",
            "sourceColumn": "TRANSACTION_TIMESTAMP",
            "formatString": "General Date",
            "sourceProviderType": "datetime2",
            "sourceLineageTag": "TRANSACTION_TIMESTAMP",
            "summarizeBy": "none",
            "annotations": [
              {
                "name": "SummarizationSetBy",
                "value": "Automatic"
              }
            ]
          },
          {
            "name": "TRANSACTION_AMOUNT",
            "dataType": "double",
            "sourceColumn": "TRANSACTION_AMOUNT",
            "sourceProviderType": "float",
            "sourceLineageTag": "TRANSACTION_AMOUNT",
            "summarizeBy": "sum",
            "annotations": [
              {
                "name": "SummarizationSetBy",
                "value": "Automatic"
              },
              {
                "name": "PBI_FormatHint",
                "value": "{\"isGeneralNumber\":true}"
              }
            ]
          },
          {
            "name": "TRANSACTION_CURRENCY",
            "dataType": "string",
            "sourceColumn": "TRANSACTION_CURRENCY",
            "sourceProviderType": "varchar",
            "sourceLineageTag": "TRANSACTION_CURRENCY",
            "summarizeBy": "none",
            "annotations": [
              {
                "name": "SummarizationSetBy",
                "value": "Automatic"
              }
            ]
          },
          {
            "name": "TRANSACTION_TYPE",
            "dataType": "string",
            "sourceColumn": "TRANSACTION_TYPE",
            "sourceProviderType": "varchar",
            "sourceLineageTag": "TRANSACTION_TYPE",
            "summarizeBy": "none",
            "annotations": [
              {
                "name": "SummarizationSetBy",
                "value": "Automatic"
              }
            ]
          },
          {
            "name": "TRANSACTION_DESCRIPTION",
            "dataType": "string",
            "sourceColumn": "TRANSACTION_DESCRIPTION",
            "sourceProviderType": "varchar",
            "sourceLineageTag": "TRANSACTION_DESCRIPTION",
            "summarizeBy": "none",
            "annotations": [
              {
                "name": "SummarizationSetBy",
                "value": "Automatic"
              }
            ]
          },
          {
            "name": "ACCOUNT_TYPE",
            "dataType": "string",
            "sourceColumn": "ACCOUNT_TYPE",
            "sourceProviderType": "varchar",
            "sourceLineageTag": "ACCOUNT_TYPE",
            "summarizeBy": "none",
            "annotations": [
              {
                "name": "SummarizationSetBy",
                "value": "Automatic"
              }
            ]
          },
          {
            "name": "ACCOUNT_BALANCE",
            "dataType": "string",
            "sourceColumn": "ACCOUNT_BALANCE",
            "sourceProviderType": "varchar",
            "sourceLineageTag": "ACCOUNT_BALANCE",
            "summarizeBy": "none",
            "annotations": [
              {
                "name": "SummarizationSetBy",
                "value": "Automatic"
              }
            ]
          },
          {
            "name": "MERCHANT_ID",
            "dataType": "string",
            "sourceColumn": "MERCHANT_ID",
            "sourceProviderType": "varchar",
            "sourceLineageTag": "MERCHANT_ID",
            "summarizeBy": "none",
            "annotations": [
              {
                "name": "SummarizationSetBy",
                "value": "Automatic"
              }
            ]
          },
          {
            "name": "TRANSACTION_CITY",
            "dataType": "string",
            "sourceColumn": "TRANSACTION_CITY",
            "sourceProviderType": "varchar",
            "sourceLineageTag": "TRANSACTION_CITY",
            "summarizeBy": "none",
            "annotations": [
              {
                "name": "SummarizationSetBy",
                "value": "Automatic"
              }
            ]
          },
          {
            "name": "TRANSACTION_STATE",
            "dataType": "string",
            "sourceColumn": "TRANSACTION_STATE",
            "sourceProviderType": "varchar",
            "sourceLineageTag": "TRANSACTION_STATE",
            "summarizeBy": "none",
            "annotations": [
              {
                "name": "SummarizationSetBy",
                "value": "Automatic"
              }
            ]
          },
          {
            "name": "TRANSACTION_DEVICE",
            "dataType": "string",
            "sourceColumn": "TRANSACTION_DEVICE",
            "sourceProviderType": "varchar",
            "sourceLineageTag": "TRANSACTION_DEVICE",
            "summarizeBy": "none",
            "annotations": [
              {
                "name": "SummarizationSetBy",
                "value": "Automatic"
              }
            ]
          },
          {
            "name": "DEVICE_TYPE",
            "dataType": "string",
            "sourceColumn": "DEVICE_TYPE",
            "sourceProviderType": "varchar",
            "sourceLineageTag": "DEVICE_TYPE",
            "summarizeBy": "none",
            "annotations": [
              {
                "name": "SummarizationSetBy",
                "value": "Automatic"
              }
            ]
          },
          {
            "name": "IS_FRAUD",
            "dataType": "int64",
            "sourceColumn": "IS_FRAUD",
            "formatString": "0",
            "sourceProviderType": "int",
            "sourceLineageTag": "IS_FRAUD",
            "summarizeBy": "sum",
            "annotations": [
              {
                "name": "SummarizationSetBy",
                "value": "Automatic"
              }
            ]
          },
          {
            "name": "ETL_INSERT_DATE",
            "dataType": "dateTime",
            "sourceColumn": "ETL_INSERT_DATE",
            "formatString": "General Date",
            "sourceProviderType": "date",
            "sourceLineageTag": "ETL_INSERT_DATE",
            "summarizeBy": "none",
            "annotations": [
              {
                "name": "SummarizationSetBy",
                "value": "Automatic"
              }
            ]
          }
        ],
        "partitions": [
          {
            "name": "{{Partition_Name}}",
            "mode": "directLake",
            "source": {
              "type": "entity",
              "entityName": "l1_transaction_fact",
              "expressionSource": "DatabaseQuery",
              "schemaName": "dbo"
            }
          }
        ],
        "annotations": [
          {
            "name": "IsTableInBiModel",
            "value": "False"
          }
        ]
      },
      {
        "name": "l2_customer_aggregated_metrics",
        "sourceLineageTag": "[dbo].[l2_customer_aggregated_metrics]",
        "columns": [
          {
            "name": "CUSTOMER_ID",
            "dataType": "string",
            "sourceColumn": "CUSTOMER_ID",
            "sourceProviderType": "varchar",
            "sourceLineageTag": "CUSTOMER_ID",
            "summarizeBy": "none",
            "annotations": [
              {
                "name": "SummarizationSetBy",
                "value": "Automatic"
              }
            ]
          },
          {
            "name": "NO_TXN",
            "dataType": "int64",
            "sourceColumn": "NO_TXN",
            "formatString": "0",
            "sourceProviderType": "bigint",
            "sourceLineageTag": "NO_TXN",
            "summarizeBy": "sum",
            "annotations": [
              {
                "name": "SummarizationSetBy",
                "value": "Automatic"
              }
            ]
          },
          {
            "name": "TOT_TRAN_AMT",
            "dataType": "double",
            "sourceColumn": "TOT_TRAN_AMT",
            "sourceProviderType": "float",
            "sourceLineageTag": "TOT_TRAN_AMT",
            "summarizeBy": "sum",
            "annotations": [
              {
                "name": "SummarizationSetBy",
                "value": "Automatic"
              },
              {
                "name": "PBI_FormatHint",
                "value": "{\"isGeneralNumber\":true}"
              }
            ]
          },
          {
            "name": "AVG_TRAN_AMT",
            "dataType": "double",
            "sourceColumn": "AVG_TRAN_AMT",
            "sourceProviderType": "float",
            "sourceLineageTag": "AVG_TRAN_AMT",
            "summarizeBy": "sum",
            "annotations": [
              {
                "name": "SummarizationSetBy",
                "value": "Automatic"
              },
              {
                "name": "PBI_FormatHint",
                "value": "{\"isGeneralNumber\":true}"
              }
            ]
          },
          {
            "name": "MIN_TRAN_AMT",
            "dataType": "double",
            "sourceColumn": "MIN_TRAN_AMT",
            "sourceProviderType": "float",
            "sourceLineageTag": "MIN_TRAN_AMT",
            "summarizeBy": "sum",
            "annotations": [
              {
                "name": "SummarizationSetBy",
                "value": "Automatic"
              },
              {
                "name": "PBI_FormatHint",
                "value": "{\"isGeneralNumber\":true}"
              }
            ]
          },
          {
            "name": "MAX_TRAN_AMT",
            "dataType": "double",
            "sourceColumn": "MAX_TRAN_AMT",
            "sourceProviderType": "float",
            "sourceLineageTag": "MAX_TRAN_AMT",
            "summarizeBy": "sum",
            "annotations": [
              {
                "name": "SummarizationSetBy",
                "value": "Automatic"
              },
              {
                "name": "PBI_FormatHint",
                "value": "{\"isGeneralNumber\":true}"
              }
            ]
          },
          {
            "name": "LAST_TXN_TIMESTMP",
            "dataType": "dateTime",
            "sourceColumn": "LAST_TXN_TIMESTMP",
            "formatString": "General Date",
            "sourceProviderType": "datetime2",
            "sourceLineageTag": "LAST_TXN_TIMESTMP",
            "summarizeBy": "none",
            "annotations": [
              {
                "name": "SummarizationSetBy",
                "value": "Automatic"
              }
            ]
          },
          {
            "name": "FRAUD_RATE",
            "dataType": "double",
            "sourceColumn": "FRAUD_RATE",
            "sourceProviderType": "float",
            "sourceLineageTag": "FRAUD_RATE",
            "summarizeBy": "sum",
            "annotations": [
              {
                "name": "SummarizationSetBy",
                "value": "Automatic"
              },
              {
                "name": "PBI_FormatHint",
                "value": "{\"isGeneralNumber\":true}"
              }
            ]
          },
          {
            "name": "RISK_CATEGORY",
            "dataType": "string",
            "sourceColumn": "RISK_CATEGORY",
            "sourceProviderType": "varchar",
            "sourceLineageTag": "RISK_CATEGORY",
            "summarizeBy": "none",
            "annotations": [
              {
                "name": "SummarizationSetBy",
                "value": "Automatic"
              }
            ]
          },
          {
            "name": "LAST_UPDATED_ON",
            "dataType": "dateTime",
            "sourceColumn": "LAST_UPDATED_ON",
            "formatString": "General Date",
            "sourceProviderType": "date",
            "sourceLineageTag": "LAST_UPDATED_ON",
            "summarizeBy": "none",
            "annotations": [
              {
                "name": "SummarizationSetBy",
                "value": "Automatic"
              }
            ]
          }
        ],
        "partitions": [
          {
            "name": "{{Partition_Name}}",
            "mode": "directLake",
            "source": {
              "type": "entity",
              "entityName": "l2_customer_aggregated_metrics",
              "expressionSource": "DatabaseQuery",
              "schemaName": "dbo"
            }
          }
        ],
        "annotations": [
          {
            "name": "IsTableInBiModel",
            "value": "False"
          }
        ]
      }
    ],
    "expressions": [
      {
        "name": "DatabaseQuery",
        "kind": "m",
        "expression": "let\n    database = {{TDS_Endpoint}}\nin\n    database\n"
      }
    ],
    "annotations": [
      {
        "name": "__PBI_TimeIntelligenceEnabled",
        "value": "0"
      },
      {
        "name": "SourceLineageTagType",
        "value": "DatabaseFullyQualifiedName"
      }
    ]
  }
}